{"loss": [13.033831596374512, 6.51365327835083, 6.1174139976501465, 5.856751441955566, 5.665599822998047, 5.548923492431641, 5.4145612716674805, 5.335205078125, 5.255054473876953, 5.168588161468506, 5.140087127685547, 5.068477153778076, 5.02951717376709, 4.974216461181641, 4.91966438293457, 4.883599758148193, 4.854764938354492, 4.833737373352051, 4.807214260101318, 4.766260623931885, 4.7501020431518555, 4.702500820159912, 4.716503143310547, 4.690336227416992, 4.665640830993652, 4.623891830444336, 4.642717361450195, 4.606455326080322, 4.597278594970703, 4.586106300354004], "val_loss": [5.850374221801758, 5.6183671951293945, 7.3217949867248535, 6.682529449462891, 5.280915260314941, 5.558136940002441, 5.1052117347717285, 5.013218402862549, 5.204614639282227, 6.054498672485352, 4.988186836242676, 4.8984174728393555, 5.387954235076904, 5.093515872955322, 4.840125560760498, 4.913466453552246, 5.088895797729492, 4.738208293914795, 4.95829439163208, 4.878932952880859, 5.086584091186523, 4.889267444610596, 4.730091571807861, 4.733935832977295, 4.7202839851379395, 4.677022457122803, 4.634733200073242, 4.866757392883301, 4.649893760681152, 4.648878574371338]}